acc,f1_macro,f1_weighted,precision_macro,recall_macro,pr_auc,roc_auc,fpr,confusion,per_class_recall,model,task,test_set,train_s,n_train
0.9493210680498376,0.9058263706352462,0.9486713709642196,0.916685618684246,0.8958484731090589,0.9244713491763596,0.9843432332814158,0.024275966021819768,"[[644736, 16041], [24077, 106757]]","{'Normal': np.float64(0.9757240339781802), 'Attack': np.float64(0.8159729122399376)}",LR,unified_binary,tow,31.4,500000
0.9400918592415859,0.4845604885992787,0.9110627412846144,0.47004592962079295,0.5,0.060123075882529006,0.501945367331586,0.0,"[[678108, 0], [43213, 0]]","{'Normal': np.float64(1.0), 'Attack': np.float64(0.0)}",LR,unified_binary,someip,31.4,500000
0.9228345740521544,0.8257690700423214,0.9128278193678473,0.9571238000456298,0.7668189154958074,0.966868777848916,0.9912579053102606,0.00013014980848304346,"[[660691, 86], [60999, 69835]]","{'Normal': np.float64(0.999869850191517), 'Attack': np.float64(0.5337679808000978)}",RF,unified_binary,tow,79.9,500000
0.9400779957882829,0.4845799180490179,0.9110585465415478,0.5117127911431393,0.5000034597897739,0.06931950668129036,0.545254301461303,1.6221604818111568e-05,"[[678097, 11], [43212, 1]]","{'Normal': np.float64(0.9999837783951819), 'Attack': np.float64(2.314118436581584e-05)}",RF,unified_binary,someip,79.9,500000
0.9473049262832376,0.8903034401777241,0.943240148496026,0.9677965020198801,0.842150442090385,0.8447211748713117,0.9488396161527611,0.0007733320015678512,"[[660266, 511], [41203, 89631]]","{'Normal': np.float64(0.9992266679984322), 'Attack': np.float64(0.6850742161823379)}",ET,unified_binary,tow,90.5,500000
0.9400336327377131,0.48454501864030464,0.9110336549196258,0.47004418539843806,0.4999690314817109,0.06394616026355718,0.5223020376052194,6.193703657824418e-05,"[[678066, 42], [43213, 0]]","{'Normal': np.float64(0.9999380629634218), 'Attack': np.float64(0.0)}",ET,unified_binary,someip,90.5,500000
0.9242418308992675,0.8303655753364896,0.9148452463464357,0.9551257727614891,0.7723849529955544,0.9849061534898117,0.9973663929827059,0.000776358741300015,"[[660264, 513], [59458, 71376]]","{'Normal': np.float64(0.9992236412587), 'Attack': np.float64(0.545546264732409)}",XGB,unified_binary,tow,22.1,500000
0.9400793821336132,0.4845802869110924,0.9110592391278141,0.5155007114580669,0.5000041971354474,0.0694408703447605,0.5488493683242592,1.4746913471010517e-05,"[[678098, 10], [43212, 1]]","{'Normal': np.float64(0.999985253086529), 'Attack': np.float64(2.314118436581584e-05)}",XGB,unified_binary,someip,22.1,500000
0.9219806192688075,0.8238244321802806,0.9118581451536105,0.9545440192842617,0.7652377283571039,0.9933930738079948,0.9989002213690614,0.0006250217546918249,"[[660364, 413], [61348, 69486]]","{'Normal': np.float64(0.9993749782453082), 'Attack': np.float64(0.5311004784688995)}",LGBM,unified_binary,tow,6.8,500000
0.9400433371550253,0.4845937934985898,0.9110439601036885,0.4956867220538018,0.4999958593944444,0.0687328718683077,0.5471511040873618,5.4563579842738913e-05,"[[678071, 37], [43211, 2]]","{'Normal': np.float64(0.9999454364201572), 'Attack': np.float64(4.628236873163168e-05)}",LGBM,unified_binary,someip,6.8,500000
0.92190229797211,0.8235724384294612,0.9117469910449729,0.9546256712624435,0.7649425528080421,0.9901466757294128,0.9982885078975273,0.0005962677272362689,"[[660383, 394], [61429, 69405]]","{'Normal': np.float64(0.9994037322727637), 'Attack': np.float64(0.5304813733433206)}",VoteEns,unified_binary,tow,85.5,500000
0.9400918592415859,0.4845604885992787,0.9110627412846144,0.47004592962079295,0.5,0.07072597821918883,0.5527702249565128,0.0,"[[678108, 0], [43213, 0]]","{'Normal': np.float64(1.0), 'Attack': np.float64(0.0)}",VoteEns,unified_binary,someip,85.5,500000
0.8372458189691654,0.4731184207209266,0.7663431041734691,0.853929825924818,0.5086945897813087,0.6592133285250659,0.6274766265904319,0.0005266527133965014,"[[660429, 348], [128490, 2344]]","{'Normal': np.float64(0.9994733472866035), 'Attack': np.float64(0.01791583227601388)}",StackEns,unified_binary,tow,195.3,500000
0.9400918592415859,0.4845604885992787,0.9110627412846144,0.47004592962079295,0.5,0.05919167477615048,0.49369748256250634,0.0,"[[678108, 0], [43213, 0]]","{'Normal': np.float64(1.0), 'Attack': np.float64(0.0)}",StackEns,unified_binary,someip,195.3,500000
0.9072397932823066,0.8269137821807697,0.9058500673298161,0.8372356717733787,0.8176089263129628,0.7663784908368501,0.9019605986342254,0.04850350420792491,"[[628727, 32050], [41380, 89454]]","{'Normal': np.float64(0.9514964957920751), 'Attack': np.float64(0.6837213568338505)}",MLP,unified_binary,tow,,500000
0.9400918592415859,0.4845604885992787,0.9110627412846144,0.47004592962079295,0.5,0.060939370767810946,0.5045645912278556,0.0,"[[678108, 0], [43213, 0]]","{'Normal': np.float64(1.0), 'Attack': np.float64(0.0)}",MLP,unified_binary,someip,,500000
0.9371067355051913,0.7939504318174203,0.9124797493795044,0.8013684412171308,0.7878500245429048,0.8431525856551044,0.9676640698234019,,"[[657708, 1697, 0, 0, 948, 424, 0, 0, 0, 0], [3280, 13682, 0, 0, 0, 0, 0, 0, 0, 0], [0, 0, 26013, 0, 0, 0, 0, 0, 0, 0], [0, 0, 0, 16809, 0, 0, 0, 0, 0, 0], [41203, 0, 0, 0, 0, 0, 0, 0, 0, 0], [2235, 0, 0, 0, 0, 27612, 0, 0, 0, 0], [0, 0, 0, 0, 0, 0, 0, 0, 0, 0], [0, 0, 0, 0, 0, 0, 0, 0, 0, 0], [0, 0, 0, 0, 0, 0, 0, 0, 0, 0], [0, 0, 0, 0, 0, 0, 0, 0, 0, 0]]","{'Normal': np.float64(0.9953554678809946), 'F_I': np.float64(0.8066265770545926), 'P_I': np.float64(1.0), 'M_F': np.float64(1.0), 'C_D': np.float64(0.0), 'C_R': np.float64(0.9251181023218414)}",LR,unified_multi,tow,30.9,500000
0.9400918592415859,0.19382419543971147,0.9110627412846144,0.18801837184831718,0.2,0.20614138180977054,0.5927775128037414,,"[[678108, 0, 0, 0, 0, 0, 0, 0, 0, 0], [0, 0, 0, 0, 0, 0, 0, 0, 0, 0], [0, 0, 0, 0, 0, 0, 0, 0, 0, 0], [0, 0, 0, 0, 0, 0, 0, 0, 0, 0], [0, 0, 0, 0, 0, 0, 0, 0, 0, 0], [0, 0, 0, 0, 0, 0, 0, 0, 0, 0], [8112, 0, 0, 0, 0, 0, 0, 0, 0, 0], [8353, 0, 0, 0, 0, 0, 0, 0, 0, 0], [13374, 0, 0, 0, 0, 0, 0, 0, 0, 0], [13374, 0, 0, 0, 0, 0, 0, 0, 0, 0]]","{'Normal': np.float64(1.0), 'F_I': nan, 'P_I': nan, 'M_F': nan, 'C_D': nan, 'C_R': nan, 'EoE': np.float64(0.0), 'EoV': np.float64(0.0), 'MissReq': np.float64(0.0), 'MissResp': np.float64(0.0)}",LR,unified_multi,someip,30.9,500000
0.9162934825311927,0.6468264848637046,0.882309726770694,0.78860837503308,0.6266826128277202,0.9270022366550398,0.9962085231551439,,"[[660527, 195, 0, 0, 0, 55, 0, 0, 0, 0], [16042, 920, 0, 0, 0, 0, 0, 0, 0, 0], [0, 0, 26013, 0, 0, 0, 0, 0, 0, 0], [0, 0, 0, 16809, 0, 0, 0, 0, 0, 0], [41203, 0, 0, 0, 0, 0, 0, 0, 0, 0], [8768, 0, 0, 0, 0, 21079, 0, 0, 0, 0], [0, 0, 0, 0, 0, 0, 0, 0, 0, 0], [0, 0, 0, 0, 0, 0, 0, 0, 0, 0], [0, 0, 0, 0, 0, 0, 0, 0, 0, 0], [0, 0, 0, 0, 0, 0, 0, 0, 0, 0]]","{'Normal': np.float64(0.9996216575334795), 'F_I': np.float64(0.05423888692371183), 'P_I': np.float64(1.0), 'M_F': np.float64(1.0), 'C_D': np.float64(0.0), 'C_R': np.float64(0.70623513250913)}",RF,unified_multi,tow,74.6,500000
0.32410119766373086,0.14408129738563566,0.4569643200692331,0.2161990283708294,0.3366588616371075,0.2166699061760619,0.6709654803700879,,"[[219377, 0, 0, 0, 0, 0, 42574, 139005, 153877, 123275], [0, 0, 0, 0, 0, 0, 0, 0, 0, 0], [0, 0, 0, 0, 0, 0, 0, 0, 0, 0], [0, 0, 0, 0, 0, 0, 0, 0, 0, 0], [0, 0, 0, 0, 0, 0, 0, 0, 0, 0], [0, 0, 0, 0, 0, 0, 0, 0, 0, 0], [3240, 0, 0, 0, 0, 0, 2329, 979, 856, 708], [2621, 0, 0, 0, 0, 0, 164, 3778, 1079, 711], [3064, 0, 0, 0, 0, 0, 148, 1865, 4606, 3691], [3064, 0, 0, 0, 0, 0, 148, 1865, 4606, 3691]]","{'Normal': np.float64(0.32351336365298744), 'F_I': nan, 'P_I': nan, 'M_F': nan, 'C_D': nan, 'C_R': nan, 'EoE': np.float64(0.28710552268244577), 'EoV': np.float64(0.4522925894888064), 'MissReq': np.float64(0.34439958127710485), 'MissResp': np.float64(0.2759832510841932)}",RF,unified_multi,someip,74.6,500000
0.9406741442450901,0.8036677940438316,0.9158958619344539,0.7812341428022079,0.8318804982618948,0.9965443565643679,0.992156619963474,,"[[655017, 5413, 0, 0, 0, 347, 0, 0, 0, 0], [0, 16962, 0, 0, 0, 0, 0, 0, 0, 0], [0, 0, 26013, 0, 0, 0, 0, 0, 0, 0], [0, 0, 0, 16809, 0, 0, 0, 0, 0, 0], [41203, 0, 0, 0, 0, 0, 0, 0, 0, 0], [0, 0, 0, 0, 0, 29847, 0, 0, 0, 0], [0, 0, 0, 0, 0, 0, 0, 0, 0, 0], [0, 0, 0, 0, 0, 0, 0, 0, 0, 0], [0, 0, 0, 0, 0, 0, 0, 0, 0, 0], [0, 0, 0, 0, 0, 0, 0, 0, 0, 0]]","{'Normal': np.float64(0.9912829895713683), 'F_I': np.float64(1.0), 'P_I': np.float64(1.0), 'M_F': np.float64(1.0), 'C_D': np.float64(0.0), 'C_R': np.float64(1.0)}",ET,unified_multi,tow,87.5,500000
0.14741287166185374,0.08559117219524397,0.22240487097293796,0.21021831640334207,0.3400364962298564,0.21186760574815544,0.6342835001625712,,"[[90294, 0, 0, 0, 0, 0, 121601, 178734, 154299, 133180], [0, 0, 0, 0, 0, 0, 0, 0, 0, 0], [0, 0, 0, 0, 0, 0, 0, 0, 0, 0], [0, 0, 0, 0, 0, 0, 0, 0, 0, 0], [0, 0, 0, 0, 0, 0, 0, 0, 0, 0], [0, 0, 0, 0, 0, 0, 0, 0, 0, 0], [1058, 0, 0, 0, 0, 0, 3829, 1392, 944, 889], [973, 0, 0, 0, 0, 0, 1252, 4052, 1125, 951], [1515, 0, 0, 0, 0, 0, 1000, 2702, 4356, 3801], [1515, 0, 0, 0, 0, 0, 1000, 2702, 4356, 3801]]","{'Normal': np.float64(0.13315578049514237), 'F_I': nan, 'P_I': nan, 'M_F': nan, 'C_D': nan, 'C_R': nan, 'EoE': np.float64(0.47201676528599606), 'EoV': np.float64(0.4850951753860888), 'MissReq': np.float64(0.32570659488559894), 'MissResp': np.float64(0.2842081650964558)}",ET,unified_multi,someip,87.5,500000
0.9163212739590532,0.6398258353159335,0.8815537303750021,0.8146636864742796,0.6246884637275559,0.928241315555843,0.9957329859429787,,"[[660550, 5, 0, 0, 0, 222, 0, 0, 0, 0], [16511, 451, 0, 0, 0, 0, 0, 0, 0, 0], [6, 0, 26007, 0, 0, 0, 0, 0, 0, 0], [0, 0, 0, 16809, 0, 0, 0, 0, 0, 0], [41203, 0, 0, 0, 0, 0, 0, 0, 0, 0], [8294, 0, 0, 0, 0, 21553, 0, 0, 0, 0], [0, 0, 0, 0, 0, 0, 0, 0, 0, 0], [0, 0, 0, 0, 0, 0, 0, 0, 0, 0], [0, 0, 0, 0, 0, 0, 0, 0, 0, 0], [0, 0, 0, 0, 0, 0, 0, 0, 0, 0]]","{'Normal': np.float64(0.9996564650403994), 'F_I': np.float64(0.026588845654993514), 'P_I': np.float64(0.9997693460961827), 'M_F': np.float64(1.0), 'C_D': np.float64(0.0), 'C_R': np.float64(0.7221161255737595)}",XGB,unified_multi,tow,168.5,500000
0.9400613596443192,0.19391657308034232,0.9110529601942984,0.2213518278466739,0.2000408084682453,0.2191356910997186,0.6969413279648151,,"[[678084, 0, 0, 0, 0, 0, 14, 10, 0, 0], [0, 0, 0, 0, 0, 0, 0, 0, 0, 0], [0, 0, 0, 0, 0, 0, 0, 0, 0, 0], [0, 0, 0, 0, 0, 0, 0, 0, 0, 0], [0, 0, 0, 0, 0, 0, 0, 0, 0, 0], [0, 0, 0, 0, 0, 0, 0, 0, 0, 0], [8112, 0, 0, 0, 0, 0, 0, 0, 0, 0], [8351, 0, 0, 0, 0, 0, 0, 2, 0, 0], [13374, 0, 0, 0, 0, 0, 0, 0, 0, 0], [13374, 0, 0, 0, 0, 0, 0, 0, 0, 0]]","{'Normal': np.float64(0.9999646074076696), 'F_I': nan, 'P_I': nan, 'M_F': nan, 'C_D': nan, 'C_R': nan, 'EoE': np.float64(0.0), 'EoV': np.float64(0.00023943493355680593), 'MissReq': np.float64(0.0), 'MissResp': np.float64(0.0)}",XGB,unified_multi,someip,168.5,500000
0.9495989823284416,0.7249370176854394,0.9306907302706003,0.8218605047751074,0.7057126690522543,0.9785936655427534,0.994343130402871,,"[[660692, 0, 0, 0, 0, 85, 0, 0, 0, 0], [16962, 0, 0, 0, 0, 0, 0, 0, 0, 0], [0, 0, 26013, 0, 0, 0, 0, 0, 0, 0], [0, 0, 0, 16809, 0, 0, 0, 0, 0, 0], [1, 0, 0, 0, 41202, 0, 0, 0, 0, 0], [22850, 0, 0, 0, 0, 6997, 0, 0, 0, 0], [0, 0, 0, 0, 0, 0, 0, 0, 0, 0], [0, 0, 0, 0, 0, 0, 0, 0, 0, 0], [0, 0, 0, 0, 0, 0, 0, 0, 0, 0], [0, 0, 0, 0, 0, 0, 0, 0, 0, 0]]","{'Normal': np.float64(0.9998713635613831), 'F_I': np.float64(0.0), 'P_I': np.float64(1.0), 'M_F': np.float64(1.0), 'C_D': np.float64(0.9999757299225784), 'C_R': np.float64(0.2344289208295641)}",LGBM,unified_multi,tow,72.8,500000
0.9385654930329216,0.19749599137336382,0.9105288156861882,0.22527445643952024,0.20170820619904486,0.21599723424718772,0.6810848661001139,,"[[676921, 0, 0, 0, 0, 0, 650, 313, 145, 79], [0, 0, 0, 0, 0, 0, 0, 0, 0, 0], [0, 0, 0, 0, 0, 0, 0, 0, 0, 0], [0, 0, 0, 0, 0, 0, 0, 0, 0, 0], [0, 0, 0, 0, 0, 0, 0, 0, 0, 0], [0, 0, 0, 0, 0, 0, 0, 0, 0, 0], [8048, 0, 0, 0, 0, 0, 62, 2, 0, 0], [8329, 0, 0, 0, 0, 0, 0, 19, 2, 3], [13367, 0, 0, 0, 0, 0, 1, 1, 3, 2], [13367, 0, 0, 0, 0, 0, 1, 1, 3, 2]]","{'Normal': np.float64(0.9982495413709911), 'F_I': nan, 'P_I': nan, 'M_F': nan, 'C_D': nan, 'C_R': nan, 'EoE': np.float64(0.007642998027613412), 'EoV': np.float64(0.0022746318687896566), 'MissReq': np.float64(0.00022431583669807088), 'MissResp': np.float64(0.00014954389113204725)}",LGBM,unified_multi,someip,72.8,500000
0.9147548480251032,0.6282370816391047,0.8790584816848038,0.8044004962401452,0.6152114762497605,0.9318084659644054,0.996257704251358,,"[[660690, 2, 0, 0, 0, 85, 0, 0, 0, 0], [16938, 24, 0, 0, 0, 0, 0, 0, 0, 0], [0, 0, 26013, 0, 0, 0, 0, 0, 0, 0], [0, 0, 0, 16809, 0, 0, 0, 0, 0, 0], [41203, 0, 0, 0, 0, 0, 0, 0, 0, 0], [9253, 0, 0, 0, 0, 20594, 0, 0, 0, 0], [0, 0, 0, 0, 0, 0, 0, 0, 0, 0], [0, 0, 0, 0, 0, 0, 0, 0, 0, 0], [0, 0, 0, 0, 0, 0, 0, 0, 0, 0], [0, 0, 0, 0, 0, 0, 0, 0, 0, 0]]","{'Normal': np.float64(0.9998683368216509), 'F_I': np.float64(0.0014149274849663955), 'P_I': np.float64(1.0), 'M_F': np.float64(1.0), 'C_D': np.float64(0.0), 'C_R': np.float64(0.6899855931919456)}",VoteEns,unified_multi,tow,278.8,500000
0.9397175460024039,0.19526601624477619,0.9109581554699506,0.22333045070223917,0.2006719666887086,0.21863619292783065,0.6833789118934819,,"[[677807, 0, 0, 0, 0, 0, 219, 66, 9, 7], [0, 0, 0, 0, 0, 0, 0, 0, 0, 0], [0, 0, 0, 0, 0, 0, 0, 0, 0, 0], [0, 0, 0, 0, 0, 0, 0, 0, 0, 0], [0, 0, 0, 0, 0, 0, 0, 0, 0, 0], [0, 0, 0, 0, 0, 0, 0, 0, 0, 0], [8086, 0, 0, 0, 0, 0, 26, 0, 0, 0], [8348, 0, 0, 0, 0, 0, 0, 5, 0, 0], [13374, 0, 0, 0, 0, 0, 0, 0, 0, 0], [13374, 0, 0, 0, 0, 0, 0, 0, 0, 0]]","{'Normal': np.float64(0.9995561179045226), 'F_I': nan, 'P_I': nan, 'M_F': nan, 'C_D': nan, 'C_R': nan, 'EoE': np.float64(0.003205128205128205), 'EoV': np.float64(0.0005985873338920149), 'MissReq': np.float64(0.0), 'MissResp': np.float64(0.0)}",VoteEns,unified_multi,someip,278.8,500000
0.9133564339050367,0.6408828008606939,0.8796772450366522,0.7238424974627184,0.6198318102855852,0.8440985732325971,0.8910741558962497,,"[[659396, 1173, 0, 0, 0, 208, 0, 0, 0, 0], [16018, 944, 0, 0, 0, 0, 0, 0, 0, 0], [0, 0, 26013, 0, 0, 0, 0, 0, 0, 0], [0, 0, 0, 16809, 0, 0, 0, 0, 0, 0], [41203, 0, 0, 0, 0, 0, 0, 0, 0, 0], [9986, 0, 0, 0, 0, 19861, 0, 0, 0, 0], [0, 0, 0, 0, 0, 0, 0, 0, 0, 0], [0, 0, 0, 0, 0, 0, 0, 0, 0, 0], [0, 0, 0, 0, 0, 0, 0, 0, 0, 0], [0, 0, 0, 0, 0, 0, 0, 0, 0, 0]]","{'Normal': np.float64(0.9979100362149409), 'F_I': np.float64(0.05565381440867822), 'P_I': np.float64(1.0), 'M_F': np.float64(1.0), 'C_D': np.float64(0.0), 'C_R': np.float64(0.6654270110898918)}",StackEns,unified_multi,tow,715.8,500000
0.9270006002875281,0.21282739627299185,0.9055782152402725,0.20555051221059797,0.22152607221142934,0.21653385670680078,0.6792884056064767,,"[[667667, 0, 0, 0, 0, 0, 10441, 0, 0, 0], [0, 0, 0, 0, 0, 0, 0, 0, 0, 0], [0, 0, 0, 0, 0, 0, 0, 0, 0, 0], [0, 0, 0, 0, 0, 0, 0, 0, 0, 0], [0, 0, 0, 0, 0, 0, 0, 0, 0, 0], [0, 0, 0, 0, 0, 0, 0, 0, 0, 0], [7114, 0, 0, 0, 0, 0, 998, 0, 0, 0], [8349, 0, 0, 0, 0, 0, 4, 0, 0, 0], [13374, 0, 0, 0, 0, 0, 0, 0, 0, 0], [13374, 0, 0, 0, 0, 0, 0, 0, 0, 0]]","{'Normal': np.float64(0.984602747644918), 'F_I': nan, 'P_I': nan, 'M_F': nan, 'C_D': nan, 'C_R': nan, 'EoE': np.float64(0.1230276134122288), 'EoV': np.float64(0.0), 'MissReq': np.float64(0.0), 'MissResp': np.float64(0.0)}",StackEns,unified_multi,someip,715.8,500000
0.9215928025254828,0.7903974246687002,0.904374161520272,0.7627357385361927,0.8278999718378381,0.8376899346007346,0.9570714784250437,,"[[639944, 7661, 21, 0, 11545, 1606, 0, 0, 0, 0], [0, 16962, 0, 0, 0, 0, 0, 0, 0, 0], [0, 0, 26013, 0, 0, 0, 0, 0, 0, 0], [0, 0, 0, 16809, 0, 0, 0, 0, 0, 0], [41203, 0, 0, 0, 0, 0, 0, 0, 0, 0], [32, 0, 0, 0, 0, 29815, 0, 0, 0, 0], [0, 0, 0, 0, 0, 0, 0, 0, 0, 0], [0, 0, 0, 0, 0, 0, 0, 0, 0, 0], [0, 0, 0, 0, 0, 0, 0, 0, 0, 0], [0, 0, 0, 0, 0, 0, 0, 0, 0, 0]]","{'Normal': np.float64(0.9684719655799158), 'F_I': np.float64(1.0), 'P_I': np.float64(1.0), 'M_F': np.float64(1.0), 'C_D': np.float64(0.0), 'C_R': np.float64(0.9989278654471136)}",MLP,unified_multi,tow,,500000
0.03293124697603425,0.044106018608491296,0.00958878870392072,0.21972407248603046,0.43087558713985824,0.2193805299632519,0.7049476874526477,,"[[2327, 0, 0, 0, 0, 0, 191186, 187692, 250989, 45914], [0, 0, 0, 0, 0, 0, 0, 0, 0, 0], [0, 0, 0, 0, 0, 0, 0, 0, 0, 0], [0, 0, 0, 0, 0, 0, 0, 0, 0, 0], [0, 0, 0, 0, 0, 0, 0, 0, 0, 0], [0, 0, 0, 0, 0, 0, 0, 0, 0, 0], [8, 0, 0, 0, 0, 0, 6148, 1020, 822, 114], [28, 0, 0, 0, 0, 0, 1330, 5576, 1145, 274], [3, 0, 0, 0, 0, 0, 1102, 2566, 8400, 1303], [3, 0, 0, 0, 0, 0, 1102, 2566, 8400, 1303]]","{'Normal': np.float64(0.0034316067647041475), 'F_I': nan, 'P_I': nan, 'M_F': nan, 'C_D': nan, 'C_R': nan, 'EoE': np.float64(0.7578895463510849), 'EoV': np.float64(0.667544594756375), 'MissReq': np.float64(0.6280843427545985), 'MissResp': np.float64(0.09742784507252879)}",MLP,unified_multi,someip,,500000
